 agent-reach	workspace/_skill_audit/extracted/Agent-Reach-main/Agent-Reach-main/agent_reach/skill/SKILL.md		33:curl -s "https://r.jina.ai/URL" 73:curl -s "https://www.reddit.com/r/SUBREDDIT/hot.json?limit=10" -H "User-Agent: agent-reach/1.0" 74:curl -s "https://www.reddit.com/search.json?q=QUERY&limit=10" -H "User-Agent: agent-reach/1.0" 113:python3 -c " 125:cd ~/.agent-reach/tools/wechat-article-for-ai && python3 main.py "https://mp.weixin.qq.com/s/ARTICLE_ID" 128:> WeChat articles cannot be read with Jina Reader or curl. Must use Camoufox. 
 Agent Browser	workspace/_skill_audit/extracted/agent-browser-0.2.0/SKILL.md		9:metadata: {"clawdbot":{"emoji":"🌐","requires":{"bins":["node","npm"]}}} 17:### npm recommended 20:npm install -g agent-browser 30:pnpm install 31:pnpm build 
 ai-notes-ofvideo	workspace/_skill_audit/extracted/ai-notes-ofvideo-1.1.0/SKILL.md	API,BAIDU_API_KEY	4:metadata: { "openclaw": { "emoji": "📺", "requires": { "bins": ["python3"], "env":["BAIDU_API_KEY"]},"primaryEnv":"BAIDU_API_KEY" } } 44:python3 scripts/ai_notes_task_create.py 'https://example.com/video.mp4' 63:python3 scripts/ai_notes_task_query.py "task-id-here" 85:   python3 scripts/ai_notes_task_query.py <task_id> 96:python3 scripts/ai_notes_poll.py <task_id> [max_attempts] [interval_seconds] 102:python3 scripts/ai_notes_poll.py "task-id-here" 
 ai-picture-book	workspace/_skill_audit/extracted/ai-picture-book-1.1.0/SKILL.md	API,BAIDU_API_KEY	4:metadata: { "openclaw": { "emoji": "📔", "requires": { "bins": ["python3"], "env":["BAIDU_API_KEY"]},"primaryEnv":"BAIDU_API_KEY" } } 46:python3 scripts/ai_picture_book_task_create.py 9 "A brave cat explores the world." 63:python3 scripts/ai_picture_book_task_query.py "task-id-here" 78:python3 scripts/ai_picture_book_poll.py <task_id> [max_attempts] [interval_seconds] 84:python3 scripts/ai_picture_book_poll.py "task-id-here" 87:python3 scripts/ai_picture_book_poll.py "task-id-here" 30 10 
 ai-ppt-generator	workspace/_skill_audit/extracted/ai-ppt-generator-1.1.3/SKILL.md	API,BAIDU_API_KEY	4:metadata: { "openclaw": { "emoji": "📑", "requires": { "bins": ["python3"], "env":["BAIDU_API_KEY"]},"primaryEnv":"BAIDU_API_KEY" } } 41:python3 scripts/ppt_theme_list.py 44:python3 scripts/random_ppt_theme.py --query "人工智能发展趋势报告" 47:python3 scripts/generate_ppt.py --query "儿童英语课件" --tpl_id 106 50:python3 scripts/random_ppt_theme.py --query "企业年度总结" --category "企业商务" 
 baidu-baike-data	workspace/_skill_audit/extracted/baidu-baike-data-1.1.0/SKILL.md	API,BAIDU_API_KEY	5:metadata: { "openclaw": { "emoji": "📖", "requires": { "bins": ["python3"] ,"env":["BAIDU_API_KEY"]},"primaryEnv":"BAIDU_API_KEY" } } 17:python3 scripts/baidu_baike.py --search_type=lemmaTitle --search_key="keyword" 24:python3 scripts/baidu_baike.py --search_type=lemmaList --search_key="keyword" --top_k=5 27:python3 scripts/baidu_baike.py --search_type=lemmaId --search_key="entry_id" 
 baidu-scholar-search-skill	workspace/_skill_audit/extracted/baidu-scholar-search-skill-1.1.0/SKILL.md	API,BAIDU_API_KEY	5:metadata: { "openclaw": { "emoji": "🔬", "requires": { "bins": ["curl"] ,"env":["BAIDU_API_KEY"]},"primaryEnv":"BAIDU_API_KEY" }  } 
 baidu-search	workspace/_skill_audit/extracted/baidu-search-1.1.0/SKILL.md	API,BAIDU_API_KEY	4:metadata: { "openclaw": { "emoji": "🔍︎",  "requires": { "bins": ["python3"], "env":["BAIDU_API_KEY"]},"primaryEnv":"BAIDU_API_KEY" } } 14:python3 skills/baidu-search/scripts/search.py '<JSON>' 50:python3 skills/baidu-search/scripts/search.py '{"query":"人工智能"}' 53:python3 skills/baidu-search/scripts/search.py '{ 60:python3 skills/baidu-search/scripts/search.py '{ 
 release-skills	workspace/_skill_audit/extracted/baoyu-skills-main/baoyu-skills-main/.claude/skills/release-skills/SKILL.md	API	134:| fix | Fixes | 修复 | 修正 | 수정 | Fehlerbehebungen | Corrections | Correcciones | 
 baoyu-article-illustrator	workspace/_skill_audit/extracted/baoyu-skills-main/baoyu-skills-main/skills/baoyu-article-illustrator/SKILL.md		
 baoyu-comic	workspace/_skill_audit/extracted/baoyu-skills-main/baoyu-skills-main/skills/baoyu-comic/SKILL.md		110:4. Resolve `${BUN_X}` runtime: if `bun` installed → `bun`; if `npx` available → `npx -y bun`; else suggest installing bun 
 baoyu-compress-image	workspace/_skill_audit/extracted/baoyu-skills-main/baoyu-skills-main/skills/baoyu-compress-image/SKILL.md		12:Scripts in `scripts/` subdirectory. `${SKILL_DIR}` = this SKILL.md's directory path. Resolve `${BUN_X}` runtime: if `bun` installed → `bun`; if `npx` available → `npx -y bun`; else suggest installing bun. Replace `${SKILL_DIR}` and `${BUN_X}` with actual values. 
 baoyu-cover-image	workspace/_skill_audit/extracted/baoyu-skills-main/baoyu-skills-main/skills/baoyu-cover-image/SKILL.md		
 baoyu-danger-gemini-web	workspace/_skill_audit/extracted/baoyu-skills-main/baoyu-skills-main/skills/baoyu-danger-gemini-web/SKILL.md	API	17:3. Resolve `${BUN_X}` runtime: if `bun` installed → `bun`; if `npx` available → `npx -y bun`; else suggest installing bun 
 baoyu-danger-x-to-markdown	workspace/_skill_audit/extracted/baoyu-skills-main/baoyu-skills-main/skills/baoyu-danger-x-to-markdown/SKILL.md	API,X_AUTH_TOKEN	19:3. Resolve `${BUN_X}` runtime: if `bun` installed → `bun`; if `npx` available → `npx -y bun`; else suggest installing bun 
 baoyu-format-markdown	workspace/_skill_audit/extracted/baoyu-skills-main/baoyu-skills-main/skills/baoyu-format-markdown/SKILL.md		14:Scripts in `scripts/` subdirectory. `${SKILL_DIR}` = this SKILL.md's directory path. Resolve `${BUN_X}` runtime: if `bun` installed → `bun`; if `npx` available → `npx -y bun`; else suggest installing bun. Replace `${SKILL_DIR}` and `${BUN_X}` with actual values. 
 baoyu-image-gen	workspace/_skill_audit/extracted/baoyu-skills-main/baoyu-skills-main/skills/baoyu-image-gen/SKILL.md	API,DASHSCOPE_API_KEY,GOOGLE_API_KEY,OPENAI_API_KEY,REPLICATE_API_TOKEN	15:3. Resolve `${BUN_X}` runtime: if `bun` installed → `bun`; if `npx` available → `npx -y bun`; else suggest installing bun 
 baoyu-infographic	workspace/_skill_audit/extracted/baoyu-skills-main/baoyu-skills-main/skills/baoyu-infographic/SKILL.md		
 baoyu-markdown-to-html	workspace/_skill_audit/extracted/baoyu-skills-main/baoyu-skills-main/skills/baoyu-markdown-to-html/SKILL.md		12:**Agent Execution**: Determine this SKILL.md directory as `SKILL_DIR`. Resolve `${BUN_X}` runtime: if `bun` installed → `bun`; if `npx` available → `npx -y bun`; else suggest installing bun. Replace `${SKILL_DIR}` and `${BUN_X}` with actual values. 
 baoyu-post-to-wechat	workspace/_skill_audit/extracted/baoyu-skills-main/baoyu-skills-main/skills/baoyu-post-to-wechat/SKILL.md	ACCESS_TOKEN,API,WECHAT_APP_ID,WECHAT_APP_SECRET	14:**Agent Execution**: Determine this SKILL.md directory as `SKILL_DIR`, then use `${SKILL_DIR}/scripts/<name>.ts`. Resolve `${BUN_X}` runtime: if `bun` installed → `bun`; if `npx` available → `npx -y bun`; else suggest installing bun. 106:| Bun runtime | `curl -fsSL https://bun.sh/install \| bash` | 
 baoyu-post-to-x	workspace/_skill_audit/extracted/baoyu-skills-main/baoyu-skills-main/skills/baoyu-post-to-x/SKILL.md		18:4. Resolve `${BUN_X}` runtime: if `bun` installed → `bun`; if `npx` available → `npx -y bun`; else suggest installing bun 69:- `bun` runtime 88:| Bun runtime | `curl -fsSL https://bun.sh/install \| bash` | 162:Long-form Markdown articles (requires X Premium). 
 baoyu-slide-deck	workspace/_skill_audit/extracted/baoyu-skills-main/baoyu-skills-main/skills/baoyu-slide-deck/SKILL.md		27:3. Resolve `${BUN_X}` runtime: if `bun` installed → `bun`; if `npx` available → `npx -y bun`; else suggest installing bun 590:| `--images-only` | Skip to Step 7 (requires existing prompts/) | 
 baoyu-translate	workspace/_skill_audit/extracted/baoyu-skills-main/baoyu-skills-main/skills/baoyu-translate/SKILL.md		12:Scripts in `scripts/` subdirectory. `${SKILL_DIR}` = this SKILL.md's directory path. Resolve `${BUN_X}` runtime: if `bun` installed → `bun`; if `npx` available → `npx -y bun`; else suggest installing bun. Replace `${SKILL_DIR}` and `${BUN_X}` with actual values. 
 baoyu-url-to-markdown	workspace/_skill_audit/extracted/baoyu-skills-main/baoyu-skills-main/skills/baoyu-url-to-markdown/SKILL.md		17:3. Resolve `${BUN_X}` runtime: if `bun` installed → `bun`; if `npx` available → `npx -y bun`; else suggest installing bun 
 baoyu-xhs-images	workspace/_skill_audit/extracted/baoyu-skills-main/baoyu-skills-main/skills/baoyu-xhs-images/SKILL.md		
 byterover	workspace/_skill_audit/extracted/byterover-2.0.0/SKILL.md	API	9:Install: `npm install -g byterover-cli` 
 clawdhub	workspace/_skill_audit/extracted/clawdhub-1.0.0/SKILL.md		3:description: Use the ClawdHub CLI to search, install, update, and publish agent skills from clawdhub.com. Use when you need to fetch new skills on the fly, sync installed skills to latest or a specific version, or publish new/updated skill folders with the npm-installed clawdhub CLI. 4:metadata: {"clawdbot":{"requires":{"bins":["clawdhub"]},"install":[{"id":"node","kind":"node","package":"clawdhub","bins":["clawdhub"],"label":"Install ClawdHub CLI (npm)"}]}} 11:npm i -g clawdhub 
 data-analyst	workspace/_skill_audit/extracted/data-analyst-1.0.0/SKILL.md	API	
 deepresearch-conversation	workspace/_skill_audit/extracted/deepresearch-conversation-1.1.2/SKILL.md	API,APIS,BAIDU_API_KEY	3:description: Deep ReSearch Conversation is provided by Baidu for multi-round streaming conversations with "Deep Research" agents. "In-depth research" is a long-process task involving multi-step reasoning and execution, which is different from the ordinary "question-and-answer". A dialogue that requires the user to repeatedly verify and correct it until a satisfactory answer is reached. 4:metadata: { "openclaw": { "emoji": "📌", "requires": { "bins": ["python3", "curl"], "env": ["BAIDU_API_KEY"] }, "primaryEnv": "BAIDU_API_KEY" } } 48:curl -X POST "https://qianfan.baidubce.com/v2/agent/deepresearch/create" \ 69:curl -X POST "https://qianfan.baidubce.com/v2/agent/file/upload" \ 80:curl -X POST "https://qianfan.baidubce.com/v2/agent/file/upload" \ 96:curl -X POST "https://qianfan.baidubce.com/v2/agent/file/parse/submit" \ 
 feishu-meeting-call	workspace/_skill_audit/extracted/feishu-meeting-call/feishu-meeting-call/SKILL.md	APP_ID,APP_SECRET,FEISHU_APP_ID,FEISHU_APP_SECRET,FEISHU_USER_OPEN_ID,USER_OPEN_ID	4:metadata: {"clawdbot":{"emoji":"📞","primaryEnv":"FEISHU_APP_ID","requires":{"bins":["python3"],"env":["FEISHU_APP_ID","FEISHU_APP_SECRET","FEISHU_USER_OPEN_ID"]}}} 62:source ~/.feishu.env && python3 {baseDir}/scripts/feishu_meeting.py lookup --phone "用户的手机号" 82:source ~/.feishu.env && python3 {baseDir}/scripts/feishu_meeting.py notify --message "xxx" 110:python3 {baseDir}/scripts/feishu_meeting.py notify --message "小龙虾提醒你：该干活了" 130:python3 {baseDir}/scripts/feishu_meeting.py lookup --phone "13912345678" 136:python3 {baseDir}/scripts/feishu_meeting.py notify --message "小龙虾提醒你：xxx" --user-id "查到的open_id" --phone-call 
 find-skills	workspace/_skill_audit/extracted/find-skills-0.1.0/SKILL.md		23:The Skills CLI (`npx skills`) is the package manager for the open agent skills ecosystem. Skills are modular packages that extend agent capabilities with specialized knowledge, workflows, and tools. 27:- `npx skills find [query]` - Search for skills interactively or by keyword 28:- `npx skills add <package>` - Install a skill from GitHub or other sources 29:- `npx skills check` - Check for skill updates 30:- `npx skills update` - Update all installed skills 49:npx skills find [query] 
 frontend-design	workspace/_skill_audit/extracted/frontend-design-1.0.0/SKILL.md		
 github	workspace/_skill_audit/extracted/github-1.0.0/SKILL.md	API	
 humanizer	workspace/_skill_audit/extracted/humanizer-1.0.0/SKILL.md		302:**Problem:** ChatGPT uses curly quotes (“...”) instead of straight quotes ("..."). 
 mcporter	workspace/_skill_audit/extracted/mcporter-1.0.0/SKILL.md		5:metadata: {"clawdbot":{"emoji":"📦","requires":{"bins":["mcporter"]},"install":[{"id":"node","kind":"node","package":"mcporter","bins":["mcporter"],"label":"Install mcporter (node)"}]}} 21:- Stdio: `mcporter call --stdio "bun run ./server.ts" scrape url=https://example.com` 
 "multi-search-engine"	workspace/_skill_audit/extracted/multi-search-engine-2.0.1/SKILL.md	API	
 obsidian	workspace/_skill_audit/extracted/obsidian-1.0.0/SKILL.md		5:metadata: {"clawdbot":{"emoji":"💎","requires":{"bins":["obsidian-cli"]},"install":[{"id":"brew","kind":"brew","formula":"yakitrak/yakitrak/obsidian-cli","bins":["obsidian-cli"],"label":"Install obsidian-cli (brew)"}]}} 
 openai-whisper	workspace/_skill_audit/extracted/openai-whisper-1.0.0/SKILL.md	API	5:metadata: {"clawdbot":{"emoji":"🎙️","requires":{"bins":["whisper"]},"install":[{"id":"brew","kind":"brew","formula":"openai-whisper","bins":["whisper"],"label":"Install OpenAI Whisper (brew)"}]}} 
 playwright-scraper-skill	workspace/_skill_audit/extracted/playwright-scraper-skill-1.2.0/SKILL.md		2:name: playwright-scraper-skill 19:| **Dynamic Sites** | Medium | Playwright Simple | `scripts/playwright-simple.js` | 20:| **Cloudflare Protected** | High | **Playwright Stealth** ⭐ | `scripts/playwright-stealth.js` | 29:cd playwright-scraper-skill 30:npm install 31:npx playwright install chromium 
 proactive-agent	workspace/_skill_audit/extracted/proactive-agent-3.1.0/SKILL.md	API	269:3. Look for shell commands, curl/wget, or data exfiltration patterns 
 self-improvement	workspace/_skill_audit/extracted/self-improving-agent-1.0.11/SKILL.md	API	294:> Project uses pnpm workspaces. Attempted `npm install` but failed.  295:> Lock file is `pnpm-lock.yaml`. Must use `pnpm install`. 300:- Package manager: pnpm (not npm) - use `pnpm install` 310:1. Regenerate client: `pnpm run generate:api` 311:2. Check for type errors: `pnpm tsc --noEmit` 
 skill-creator	workspace/_skill_audit/extracted/skill-creator-0.1.0/SKILL.md	API	49:Every skill consists of a required SKILL.md file and optional bundled resources: 241:1. Rotating a PDF requires re-writing the same code each time 246:1. Writing a frontend webapp requires the same boilerplate HTML/React each time 251:1. Querying BigQuery requires re-discovering the table schemas and relationships each time 262:When creating a new skill from scratch, always run the `init_skill.py` script. The script conveniently generates a new template skill directory that automatically includes everything a skill requires, making the skill creation process much more efficient and reliable. 318:Write instructions for using the skill and its bundled resources. 
 skill-vetter	workspace/_skill_audit/extracted/skill-vetter-1.0.0/SKILL.md	API	38:• curl/wget to unknown URLs 112:curl -s "https://api.github.com/repos/OWNER/REPO" | jq '{stars: .stargazers_count, forks: .forks_count, updated: .updated_at}' 115:curl -s "https://api.github.com/repos/OWNER/REPO/contents/skills/SKILL_NAME" | jq '.[].name' 118:curl -s "https://raw.githubusercontent.com/OWNER/REPO/main/skills/SKILL_NAME/SKILL.md" 
 summarize	workspace/_skill_audit/extracted/summarize-1.0.0/SKILL.md	ANTHROPIC_API_KEY,API,APIFY_API_TOKEN,FIRECRAWL_API_KEY,GEMINI_API_KEY,GOOGLE_API_KEY,GOOGLE_GENERATIVE_AI_API_KEY,OPENAI_API_KEY,XAI_API_KEY	5:metadata: {"clawdbot":{"emoji":"🧾","requires":{"bins":["summarize"]},"install":[{"id":"brew","kind":"brew","formula":"steipete/tap/summarize","bins":["summarize"],"label":"Install summarize (brew)"}]}} 
 task-status	workspace/_skill_audit/extracted/task-status-1.0.0/SKILL.md	API	142:C:\Users\Luffy\AppData\Roaming\npm\node_modules\clawdbot\skills\task-status 
 tavily	workspace/_skill_audit/extracted/tavily-search-1.0.0/SKILL.md	API,TAVILY_API_KEY	5:metadata: {"clawdbot":{"emoji":"🔍","requires":{"bins":["node"],"env":["TAVILY_API_KEY"]},"primaryEnv":"TAVILY_API_KEY"}} 15:node {baseDir}/scripts/search.mjs "query" 16:node {baseDir}/scripts/search.mjs "query" -n 10 17:node {baseDir}/scripts/search.mjs "query" --deep 18:node {baseDir}/scripts/search.mjs "query" --topic news 31:node {baseDir}/scripts/extract.mjs "https://example.com/article" 
 weather	workspace/_skill_audit/extracted/weather-1.0.0/SKILL.md	API	5:metadata: {"clawdbot":{"emoji":"🌤️","requires":{"bins":["curl"]}}} 16:curl -s "wttr.in/London?format=3" 22:curl -s "wttr.in/London?format=%l:+%c+%t+%h+%w" 28:curl -s "wttr.in/London?T" 38:- PNG: `curl -s "wttr.in/Berlin.png" -o /tmp/weather.png` 44:curl -s "https://api.open-meteo.com/v1/forecast?latitude=51.5&longitude=-0.12&current_weather=true" 
